ID,Properties of integers,"Fractions, decimals, and percents","Ratio, proportion, and variation",Exponents and roots,Descriptive statistics,Operations with algebraic expressions,Equations and inequalities,Functions and graphs,Quadratic equations and functions,Sequences and series,Lines and angles,Triangles and polygons,Circles,Three-dimensional geometry,Geometric transformations,Probability,Counting methods and combinatorics,Data interpretation
1,3,5,4,4,3,3,4,4,4,0,4,4,9,6,4,6,4,6
2,4,5,9,4,10,10,4,7,0,10,7,2,0,6,5,10,7,7
3,8,10,4,10,0,1,9,3,8,2,5,4,2,10,0,4,6,10
4,6,3,10,9,8,6,4,7,1,6,4,3,3,10,8,1,2,4
5,1,5,4,3,10,6,7,10,10,8,4,9,7,6,2,3,7,0
6,8,9,0,6,1,3,10,10,6,2,3,4,9,8,7,9,3,2
7,1,2,1,1,9,2,3,3,6,10,6,1,8,7,4,9,7,4
8,6,5,3,9,7,0,9,1,9,0,3,4,5,4,9,1,8,0
9,5,6,7,2,7,1,2,8,9,6,8,0,0,6,1,4,10,4
10,6,1,6,6,0,8,10,1,2,1,9,9,10,1,0,2,7,4
11,7,10,10,4,7,3,7,7,9,6,0,9,3,0,5,5,0,5
12,6,2,6,1,5,4,9,0,0,6,1,9,6,8,10,2,9,5
13,4,8,6,0,6,8,6,6,8,6,5,1,0,2,0,5,2,6
14,9,4,0,1,1,1,9,9,1,3,9,0,4,9,5,0,8,6
15,10,5,8,3,5,7,3,8,4,5,0,0,5,5,5,4,3,8
16,9,7,9,7,7,2,6,9,3,0,2,2,8,6,9,8,6,8
17,3,9,3,5,1,5,10,5,1,0,4,6,9,8,3,3,4,0
18,7,8,8,9,10,0,2,3,3,4,2,3,6,6,4,8,0,7
19,3,8,6,8,6,8,0,7,2,3,1,8,5,10,8,3,10,0
20,9,1,5,0,10,7,7,2,4,3,9,7,1,7,4,8,9,7
21,5,2,5,8,6,1,5,3,6,4,2,5,0,4,4,1,2,8
22,7,6,5,8,2,4,3,6,3,8,9,9,6,5,9,9,6,0
23,7,1,7,5,6,2,5,1,0,4,3,2,1,5,3,8,7,3
24,5,1,5,2,8,10,10,8,9,10,3,8,1,8,6,0,8,2
25,10,3,2,3,3,0,10,1,9,7,1,3,2,8,9,9,6,10
26,4,0,4,9,4,0,5,8,3,10,6,4,10,3,1,7,2,9
27,10,2,7,6,5,5,4,0,3,4,1,5,6,0,9,8,3,3
28,7,2,3,2,7,10,1,7,4,10,3,1,10,5,10,3,8,1
29,0,8,0,5,6,9,2,1,2,0,8,1,3,8,1,0,0,10
30,4,1,8,9,5,10,6,10,4,9,2,5,1,6,10,3,0,6
31,6,4,6,0,1,0,7,0,6,8,3,5,7,7,9,9,1,3
32,8,1,1,4,0,1,9,8,5,4,9,6,8,0,10,3,1,0
33,7,1,9,3,9,1,1,8,10,10,4,2,0,7,6,5,5,7
34,1,4,7,10,8,1,4,2,5,2,8,4,1,1,10,8,3,4
35,8,9,5,0,9,7,1,0,7,5,2,2,3,8,4,7,0,2
36,10,2,7,2,2,10,9,7,8,8,4,9,5,1,10,4,9,7
37,3,4,7,6,1,0,3,4,5,10,0,9,2,6,3,9,9,5
38,0,1,7,6,9,5,4,9,8,2,8,0,4,1,8,5,8,4
39,5,5,7,4,7,9,9,6,3,10,7,5,8,9,5,4,5,1
40,4,5,10,0,7,4,3,2,9,3,9,7,7,1,8,10,7,9
41,0,4,7,4,10,9,4,9,8,0,9,3,1,3,8,1,7,7
42,9,8,4,6,10,9,1,2,6,1,9,5,3,7,4,9,5,4
43,7,9,5,4,8,1,5,2,10,0,2,0,7,2,8,1,7,3
44,5,5,9,5,4,3,3,5,7,1,3,10,4,0,2,1,10,5
45,8,6,0,1,10,2,9,4,6,1,5,7,2,3,7,1,2,0
46,9,8,3,10,9,8,8,9,6,0,2,5,1,8,6,2,9,2
47,8,7,0,9,5,1,7,6,3,10,5,6,8,1,9,1,9,10
48,3,0,10,9,0,1,2,5,3,1,0,2,4,8,9,4,7,0
49,0,8,0,5,7,10,0,6,2,5,8,0,5,1,3,9,10,0
50,4,0,6,1,2,2,4,6,1,5,9,7,10,1,0,1,5,4
51,10,4,1,4,5,8,6,8,6,0,8,7,9,7,9,0,10,7
52,4,7,1,9,8,8,10,0,10,6,10,10,9,2,5,1,3,6
53,7,1,4,0,1,6,6,6,9,10,5,3,1,0,6,9,2,9
54,5,5,0,5,7,9,3,9,1,9,6,10,1,10,8,4,1,1
55,9,4,7,5,9,6,0,9,2,1,8,6,5,7,8,0,8,5
56,4,6,6,1,7,9,2,1,10,8,8,10,1,7,3,10,4,3
57,8,0,4,9,4,5,3,9,8,3,6,4,7,10,6,8,2,3
58,7,0,7,0,6,9,5,2,4,6,0,0,0,2,10,9,5,5
59,1,2,0,7,4,10,3,4,4,9,0,7,7,3,3,0,9,2
60,5,6,4,2,0,1,9,8,9,9,6,8,8,9,8,10,0,5
61,6,8,4,1,0,1,5,5,5,7,4,9,1,1,9,6,6,5
62,1,6,7,6,9,5,1,2,4,3,5,5,2,3,4,8,2,0
63,7,10,10,7,1,5,7,6,4,8,7,10,0,2,6,8,4,7
64,0,0,9,7,4,7,10,4,1,8,8,8,0,4,3,3,5,2
65,4,9,6,1,7,4,3,7,9,5,0,6,1,1,4,8,7,9
66,8,1,4,10,9,1,9,4,10,9,1,6,9,9,7,2,3,5
67,7,5,10,0,10,3,1,3,8,9,1,10,8,8,10,5,2,7
68,2,6,2,3,8,5,5,6,2,8,9,8,1,0,10,8,9,5
69,10,6,7,9,1,4,9,7,5,3,3,3,3,2,3,10,4,10
70,6,6,8,6,6,0,3,4,5,3,4,10,5,4,4,4,4,4
71,0,6,10,0,8,6,10,3,2,5,1,1,7,10,5,2,0,6
72,1,4,5,4,2,9,1,8,8,2,10,3,5,2,8,2,2,6
73,8,8,4,8,3,7,8,9,1,5,2,9,2,2,6,9,2,9
74,6,9,0,0,5,5,5,4,0,4,7,9,8,10,9,6,8,1
75,10,9,0,1,1,3,6,5,1,7,1,9,0,0,8,8,10,8
76,3,8,5,0,6,8,5,0,7,3,3,7,8,6,6,4,0,3
77,10,1,5,0,10,1,10,3,1,3,6,1,7,4,8,5,9,3
78,9,9,7,7,0,6,8,10,3,3,10,10,2,0,3,5,10,4
79,5,5,9,5,5,8,5,0,2,10,2,3,5,10,10,2,4,7
80,3,8,1,3,1,5,0,8,8,5,1,2,7,2,3,7,0,7
81,1,2,7,1,9,8,9,0,3,7,7,4,1,5,8,6,8,7
82,4,1,9,1,1,7,1,0,10,5,9,3,6,5,6,7,8,6
83,0,3,6,3,5,1,3,10,0,7,1,3,9,9,0,4,1,8
84,0,6,7,0,9,9,4,0,7,3,0,9,9,9,10,3,5,1
85,4,5,6,2,8,6,2,10,10,1,4,5,9,3,4,10,9,1
86,2,5,4,2,4,0,4,9,0,9,10,6,1,9,1,3,4,5
87,10,7,3,2,8,4,9,6,2,9,4,2,2,2,3,3,5,3
88,2,7,0,0,2,7,3,7,6,6,10,1,6,8,2,9,5,9
89,7,4,8,0,7,5,2,9,6,10,6,6,5,4,5,6,3,10
90,9,10,5,1,9,2,7,10,3,4,5,6,4,6,1,10,5,9
91,6,1,7,2,6,4,1,3,5,10,4,4,0,7,7,3,0,3
92,7,3,7,10,5,6,7,8,4,10,9,0,3,0,8,7,5,9
93,5,9,2,10,1,6,3,0,6,5,6,1,5,1,1,0,4,8
94,6,9,8,9,0,3,9,4,10,1,10,3,1,1,9,5,2,0
95,8,8,4,4,10,6,7,3,4,4,9,5,1,7,3,1,4,2
96,8,5,0,1,5,10,6,4,1,10,1,0,4,10,4,1,4,9
97,8,5,10,8,7,7,7,5,5,10,0,6,10,1,2,4,7,2
98,9,10,10,2,3,10,0,1,2,6,6,6,4,7,6,7,10,3
99,8,3,2,8,8,5,0,7,1,1,9,9,2,2,2,1,3,4
100,6,8,9,7,10,3,1,5,9,5,10,3,3,5,8,10,4,8
101,10,2,7,9,3,10,8,10,10,2,0,6,10,7,7,10,0,9
102,3,6,0,8,5,1,7,1,5,10,4,9,2,6,5,3,2,9
103,9,5,2,1,5,1,9,8,5,5,9,7,10,3,4,5,3,1
104,8,7,2,0,3,8,5,5,10,0,8,0,2,9,8,7,7,9
105,0,10,7,5,0,0,2,6,7,8,0,8,10,1,10,10,8,9
106,10,3,6,9,7,10,0,1,10,7,8,10,7,5,2,1,5,7
107,4,6,9,8,4,9,3,1,8,2,7,4,4,2,1,9,3,1
108,10,1,6,9,7,7,2,3,6,0,4,8,1,9,2,2,2,7
109,8,5,7,0,7,6,9,9,3,7,3,1,8,3,6,3,7,6
110,8,4,2,9,0,4,2,2,7,2,5,5,6,9,0,0,10,6
111,1,3,0,0,9,6,6,8,3,6,6,10,7,6,2,10,3,10
112,4,5,2,0,3,4,3,5,3,10,3,9,3,5,5,6,4,0
113,10,9,5,4,1,6,0,1,1,8,10,6,8,8,1,7,0,3
114,8,6,5,10,9,7,9,3,9,0,7,2,5,1,3,6,7,1
115,8,9,3,5,2,4,2,9,9,6,7,2,3,2,2,0,1,6
116,4,5,4,5,0,1,3,5,2,1,8,6,1,4,2,0,3,9
117,2,5,5,1,8,7,9,7,0,4,7,1,1,10,2,2,10,4
118,0,10,6,4,4,0,10,0,6,2,8,4,1,2,6,0,2,2
119,10,4,5,9,2,5,0,5,3,4,9,10,9,5,6,7,1,3
120,6,1,1,1,6,1,0,5,9,3,10,9,5,8,9,3,3,2
121,7,4,7,1,2,8,4,4,8,5,2,1,1,2,3,8,2,6
122,9,1,10,9,9,6,8,8,7,6,6,4,7,6,7,10,4,6
123,7,8,6,0,5,5,8,9,2,8,1,8,2,3,2,1,9,10
124,5,4,9,5,8,4,10,10,2,9,4,3,7,7,8,9,7,2
125,6,9,5,5,10,6,0,1,5,3,8,0,0,2,9,0,6,2
126,3,6,3,4,5,6,0,7,5,10,9,10,5,6,2,8,3,10
127,6,8,1,2,6,0,5,10,5,0,2,0,9,2,9,0,9,10
128,7,6,4,1,2,1,2,8,8,3,6,8,1,10,1,2,4,3
129,2,2,6,10,1,9,4,0,10,3,4,6,9,3,2,1,7,4
130,4,9,4,0,8,4,10,0,8,9,5,6,4,1,3,9,0,8
131,5,8,9,1,8,1,9,6,5,5,8,2,10,0,5,3,5,8
132,10,0,3,10,1,5,3,3,2,5,3,8,2,7,0,2,4,7
133,8,4,1,9,7,4,9,10,1,7,6,1,9,8,8,3,10,1
134,10,5,1,3,3,2,1,3,8,10,0,6,0,8,2,7,8,0
135,1,2,3,3,1,0,6,0,8,4,6,6,0,1,10,7,6,3
136,10,5,1,3,4,6,7,7,4,7,5,2,2,1,7,5,2,6
137,5,8,0,4,10,3,1,5,10,8,8,2,0,6,3,10,9,0
138,6,6,8,8,5,8,2,0,1,6,10,9,0,4,10,9,5,4
139,10,5,8,7,7,4,0,6,10,1,6,3,8,10,8,8,2,1
140,2,3,6,10,10,1,5,0,2,7,2,4,7,10,7,0,1,6
141,6,1,1,8,1,6,7,1,4,1,5,9,7,6,2,8,4,8
142,0,5,2,0,10,7,3,8,4,5,7,6,4,6,6,0,8,8
143,9,4,2,3,7,7,4,3,0,0,7,7,1,10,4,9,3,2
144,3,4,4,4,7,9,3,8,8,3,8,0,8,5,8,4,10,3
145,10,6,3,8,7,10,10,9,3,6,8,6,1,2,4,7,9,4
146,9,3,0,7,8,10,10,10,2,1,8,5,1,10,1,2,0,5
147,3,0,8,6,6,0,3,9,0,0,2,6,2,4,5,9,10,8
148,8,3,2,5,1,7,2,3,0,6,6,6,1,10,6,4,7,3
149,7,4,6,0,4,1,1,3,10,8,4,7,4,9,9,4,5,8
150,6,7,2,7,9,2,5,10,5,8,3,5,10,2,4,3,6,8
151,3,4,2,0,3,4,10,5,1,10,1,8,3,1,1,7,5,6
152,5,4,7,7,5,5,1,0,4,0,10,9,8,0,3,6,4,8
153,6,0,10,5,3,6,1,4,7,1,6,3,5,0,9,1,1,2
154,4,5,3,8,7,8,9,0,2,5,1,6,2,8,8,5,1,10
155,6,0,4,0,7,0,5,3,8,7,9,2,4,0,9,10,1,5
156,3,7,1,2,5,1,8,8,8,3,6,2,10,10,0,0,3,1
157,10,5,4,10,0,5,7,1,9,4,5,3,6,9,8,9,2,1
158,2,8,4,1,1,6,4,5,4,4,3,9,4,10,4,2,5,9
159,4,8,9,2,0,3,0,9,4,9,1,7,1,10,0,6,9,0
160,1,3,0,10,4,9,3,2,1,6,2,9,10,5,3,7,10,3
161,5,3,9,7,4,10,9,0,9,1,1,0,8,9,1,8,0,7
162,5,3,7,2,3,4,9,4,8,9,5,1,9,9,1,10,5,7
163,3,6,1,9,5,8,7,10,4,7,6,6,1,3,3,9,8,3
164,4,0,8,6,7,1,6,9,8,3,4,5,7,6,10,10,3,4
165,3,0,8,10,3,10,0,0,9,2,7,5,2,0,9,6,8,9
166,1,5,4,5,5,2,3,0,2,5,9,6,10,2,6,10,8,2
167,0,4,7,3,7,7,10,10,8,2,8,3,10,0,1,6,5,10
168,6,2,1,2,4,5,5,6,2,10,2,3,3,6,10,5,10,6
169,9,3,0,8,8,1,1,3,3,8,3,2,1,7,5,1,1,1
170,6,0,5,3,10,5,10,1,0,8,8,8,2,10,5,8,1,4
171,5,5,9,4,3,8,1,5,6,2,5,4,5,9,1,6,7,8
172,7,8,4,1,1,10,5,7,2,0,2,4,1,10,5,9,6,1
173,2,4,0,6,4,3,7,3,9,9,0,7,10,0,8,4,5,8
174,10,2,0,7,2,1,6,10,1,4,5,0,8,4,5,10,10,0
175,0,0,7,0,2,5,2,4,7,1,2,5,10,6,5,8,4,5
176,8,0,1,0,8,9,9,8,4,0,4,5,5,6,2,0,0,4
177,4,5,2,4,3,5,7,2,3,8,5,3,1,8,9,5,9,8
178,4,9,5,7,9,10,5,4,7,4,6,4,2,8,3,5,3,5
179,1,4,6,0,7,5,4,2,5,2,1,0,3,2,3,6,4,6
180,10,6,5,5,6,0,10,5,1,6,3,0,0,7,6,5,0,9
181,0,8,8,0,7,6,8,1,7,3,8,10,3,8,7,2,6,8
182,1,1,9,5,1,3,2,0,3,10,10,5,2,3,9,1,5,6
183,1,3,1,3,6,3,2,4,8,6,7,0,8,3,7,10,8,2
184,6,2,1,5,4,2,3,10,4,10,10,3,8,10,1,4,10,3
185,0,2,3,5,4,6,2,7,9,4,3,4,4,7,2,9,9,1
186,5,0,2,2,3,6,5,0,1,3,8,9,10,7,8,0,5,2
187,1,0,2,0,1,7,9,4,2,3,4,8,3,7,9,10,4,2
188,5,5,0,9,1,3,4,7,5,0,3,0,7,8,9,10,5,2
189,0,9,4,10,7,3,2,2,9,8,6,9,3,0,10,7,8,10
190,8,3,2,10,7,2,9,6,10,0,7,9,9,1,2,0,8,3
191,9,8,10,4,4,7,5,8,10,8,5,0,10,3,0,2,3,0
192,6,6,5,5,6,4,0,6,7,10,9,7,3,2,1,8,3,10
193,7,8,9,1,2,6,3,4,1,10,9,3,1,7,7,4,0,1
194,5,3,9,6,8,0,3,10,0,1,3,9,4,5,5,1,0,7
195,9,9,1,1,5,3,8,10,0,7,0,0,6,0,0,0,6,8
196,8,9,1,3,4,10,10,0,5,7,2,6,1,8,2,2,4,2
197,9,7,3,7,0,6,7,0,7,6,3,10,9,7,5,1,10,3
198,7,6,5,4,4,7,5,8,4,8,5,8,8,10,4,6,3,10
199,10,2,1,4,4,0,10,2,4,5,7,1,5,9,1,2,9,3
200,10,6,3,2,10,1,1,10,2,2,5,6,3,4,5,10,7,0
201,9,4,4,3,5,6,10,0,10,1,8,1,4,9,5,7,3,3
202,6,9,6,8,5,2,1,10,0,7,3,4,6,3,10,0,2,2
203,9,0,7,4,4,8,6,7,10,3,2,0,0,4,5,8,3,4
204,2,4,1,1,5,8,1,5,2,8,8,6,6,6,3,0,5,6
205,9,10,3,5,0,0,2,8,3,9,8,6,4,8,2,10,7,10
206,8,7,6,9,9,7,6,9,1,3,9,0,7,5,4,8,7,4
207,7,6,8,3,5,4,5,10,3,6,1,4,1,5,8,7,8,6
208,7,5,8,7,8,9,4,8,0,4,0,7,1,7,3,3,6,10
209,3,2,2,4,10,9,5,6,0,3,2,3,3,9,5,6,8,4
210,3,3,2,4,10,9,7,1,7,0,3,9,8,9,8,8,5,8
211,8,7,10,6,0,9,1,0,1,9,2,3,6,1,6,2,3,5
212,10,5,9,3,9,6,6,10,7,1,0,3,3,2,6,5,9,3
213,2,10,3,5,10,4,10,7,0,5,2,2,0,2,7,8,10,0
214,0,7,7,7,8,2,5,8,3,5,7,6,7,0,7,9,1,7
215,1,6,3,2,3,1,2,10,3,5,6,5,5,7,8,0,9,1
216,4,2,8,5,5,3,8,2,9,1,9,9,7,2,8,0,6,10
217,10,0,4,1,1,1,9,2,0,4,7,4,7,4,5,3,2,5
218,6,5,8,1,4,0,7,8,3,1,1,5,5,1,3,4,10,0
219,9,10,7,9,6,2,3,2,0,3,2,3,6,10,10,4,8,0
220,10,7,7,0,6,6,8,2,9,10,9,6,8,7,8,6,6,9
221,5,5,7,3,6,10,7,8,9,10,0,10,3,0,10,1,3,6
222,5,0,1,7,3,1,3,10,5,7,2,4,4,9,5,1,8,2
223,8,6,1,5,2,4,10,10,9,8,8,9,4,8,3,5,5,6
224,8,5,10,6,8,3,10,0,1,10,9,1,9,6,6,6,6,3
225,5,4,5,9,6,7,3,6,3,10,5,5,6,4,7,2,10,4
226,2,4,6,7,7,4,9,10,4,0,1,2,3,1,5,5,6,0
227,2,8,4,7,8,3,5,7,7,4,9,6,4,10,7,5,4,3
228,6,0,1,1,9,8,2,3,4,0,2,10,4,8,6,9,7,1
229,9,10,4,9,1,1,9,8,1,1,0,3,0,7,7,9,6,8
230,3,4,4,10,3,3,4,8,3,4,1,9,9,10,10,0,7,5
231,5,8,2,1,10,0,3,7,2,0,9,4,5,3,6,4,4,10
232,1,5,6,8,0,10,5,1,7,2,10,1,7,0,8,6,6,10
233,0,3,2,7,9,10,10,8,1,4,3,0,8,7,4,4,10,8
234,3,1,6,8,3,8,2,8,5,2,5,10,0,0,10,8,10,4
235,0,7,7,10,5,6,8,6,2,0,3,7,1,5,9,8,5,9
236,8,3,5,3,1,2,7,7,5,4,8,9,0,5,0,2,5,7
237,1,5,2,6,7,9,3,2,0,7,1,5,8,0,1,1,2,8
238,1,5,6,7,4,8,5,8,6,1,8,2,7,8,0,2,7,7
239,5,10,4,8,10,8,9,5,10,7,2,9,0,10,2,0,1,2
240,4,0,5,3,10,2,8,6,8,5,3,1,2,3,9,8,9,5
241,8,1,3,5,3,8,0,5,3,6,0,1,8,0,6,6,0,1
242,2,0,2,9,9,1,6,5,6,7,4,0,4,3,9,10,2,4
243,2,4,0,2,5,7,7,8,0,1,8,5,8,0,0,2,6,10
244,3,10,2,5,5,4,6,8,8,1,8,10,4,1,6,5,10,3
245,9,4,4,10,9,2,3,3,7,8,10,1,6,1,5,3,0,6
246,3,8,4,9,7,10,7,7,5,0,6,8,2,9,6,6,8,0
247,1,0,0,8,3,7,4,0,4,6,6,8,2,0,3,8,7,2
248,6,4,3,2,2,7,6,2,3,1,4,7,0,1,3,1,10,7
249,5,7,5,8,9,1,7,7,9,3,1,6,9,1,3,7,4,0
250,9,2,2,3,6,4,10,9,3,7,1,10,1,10,4,7,3,9
251,0,0,5,4,4,0,9,5,0,5,4,3,10,2,2,10,3,10
252,1,3,3,10,8,10,6,5,2,5,3,3,3,8,9,8,4,2
253,9,5,1,1,10,2,0,1,2,6,2,7,9,7,6,3,2,8
254,0,9,4,6,4,0,4,10,1,10,10,0,8,7,7,4,5,8
255,7,9,6,4,0,4,4,6,8,9,10,7,3,8,7,0,10,3
256,2,5,4,1,7,6,4,3,0,1,7,0,9,2,10,7,10,6
257,0,8,10,8,0,7,10,10,4,4,8,10,4,7,8,9,8,0
258,6,6,9,9,7,8,9,7,4,0,7,7,3,5,10,6,6,3
259,4,9,6,8,3,3,10,0,7,3,5,0,3,2,0,3,8,8
260,2,10,2,0,5,8,6,7,9,1,1,2,1,1,9,5,10,0
261,3,2,0,10,4,1,0,8,9,10,10,0,8,2,10,0,0,5
262,5,0,9,3,9,8,8,7,9,9,4,1,10,1,2,6,5,10
263,1,1,8,7,5,2,7,9,3,2,8,5,5,10,7,6,3,7
264,5,1,8,4,0,10,7,2,3,4,0,2,0,6,5,2,2,0
265,10,2,1,9,4,3,7,1,1,1,6,4,1,6,7,6,0,2
266,2,1,2,9,6,7,8,2,10,2,7,4,7,0,2,3,6,3
267,6,2,4,9,9,6,4,4,2,5,10,7,10,10,9,2,1,6
268,9,9,7,5,2,8,8,6,7,10,7,3,1,3,8,5,0,5
269,1,4,6,1,5,10,4,5,6,6,9,7,1,2,7,1,0,2
270,1,5,8,3,8,7,3,1,6,0,0,9,4,5,8,6,0,10
271,10,6,4,6,6,4,0,6,9,3,7,6,7,8,10,9,1,1
272,10,2,3,0,8,2,9,3,9,7,5,3,8,8,7,3,0,2
273,9,3,4,5,3,8,2,4,10,7,9,4,1,4,8,3,4,8
274,6,0,0,9,0,2,5,8,2,3,3,7,1,5,7,1,1,6
275,6,0,2,8,0,9,3,4,8,10,2,10,10,8,8,4,7,7
276,7,1,4,8,10,5,7,2,0,9,10,5,10,6,0,7,6,1
277,4,4,6,3,6,1,8,2,4,5,0,5,1,5,10,2,4,5
278,1,2,6,2,2,6,0,4,5,9,7,2,10,2,3,2,3,4
279,1,8,4,0,7,10,10,7,3,9,4,9,5,7,10,6,5,8
280,5,7,7,9,3,4,9,4,7,1,5,10,7,4,2,5,9,7
281,4,6,1,3,9,5,0,1,6,0,7,8,7,1,3,0,8,8
282,1,2,1,5,2,0,5,6,4,2,2,2,2,1,10,4,8,3
283,9,5,10,3,4,6,1,3,5,2,2,5,10,1,0,8,8,1
284,6,1,5,4,6,6,1,7,0,8,1,1,0,8,4,3,7,1
285,10,5,7,10,7,1,0,9,7,3,8,7,7,4,4,4,1,2
286,0,9,8,4,1,7,3,8,6,3,9,7,4,10,8,0,3,4
287,9,4,10,5,10,4,1,10,5,9,9,2,6,3,8,4,3,9
288,8,0,9,0,5,1,1,7,10,0,8,8,6,9,7,3,7,6
289,10,3,1,2,6,3,0,2,10,7,7,0,9,0,1,5,6,3
290,2,4,8,9,7,4,3,10,3,3,9,9,7,6,9,3,7,4
291,9,6,4,3,7,7,9,9,4,2,2,4,2,8,0,1,6,6
292,2,9,10,8,8,1,6,4,1,1,2,3,4,6,8,10,2,2
293,5,3,4,8,5,6,8,5,3,9,5,4,4,9,4,8,8,3
294,1,8,8,10,10,0,3,6,0,6,9,4,10,6,1,2,6,10
295,0,4,1,0,3,7,0,8,1,0,6,8,1,0,2,4,3,9
296,8,7,6,4,2,5,8,8,7,10,8,6,7,9,0,5,3,0
297,2,0,3,9,4,0,4,5,10,8,2,0,9,3,10,4,3,2
298,2,7,8,6,2,8,3,8,9,6,2,10,7,6,10,9,5,0
299,1,6,5,3,3,6,3,10,0,2,3,1,3,7,5,10,5,4
300,1,2,10,9,7,4,7,5,1,8,8,6,5,6,4,3,1,6
301,2,8,7,2,5,10,4,0,9,7,6,0,9,3,0,6,0,5
302,7,9,9,10,2,9,9,8,5,0,6,1,1,6,1,4,3,0
303,9,7,10,10,10,3,4,7,5,1,1,2,7,4,2,1,3,7
304,8,10,3,5,6,6,2,5,4,3,4,0,1,7,8,9,6,4
305,0,0,5,0,5,2,2,7,6,7,5,2,10,10,4,9,3,9
306,8,1,5,0,10,4,5,6,3,9,4,8,6,6,4,0,9,9
307,4,10,7,10,2,5,6,7,7,10,2,7,10,8,9,3,10,6
308,10,7,1,10,0,0,5,3,1,7,7,3,0,7,8,3,6,4
309,8,8,7,1,10,10,10,8,10,4,8,3,4,5,9,10,10,2
310,9,0,5,6,4,7,5,4,8,9,5,3,8,6,4,3,3,5
311,6,4,6,5,4,9,3,2,4,3,5,6,6,2,5,2,10,2
312,3,7,6,5,9,8,2,9,5,6,5,3,1,7,4,4,8,6
313,0,8,6,1,9,3,0,4,2,4,4,1,6,2,10,3,7,3
314,10,3,7,4,2,6,1,2,4,7,8,0,9,3,0,5,1,3
315,7,2,3,6,10,6,4,1,10,6,1,3,0,4,5,6,5,1
316,10,3,1,5,3,1,4,3,3,0,9,3,7,7,5,6,0,10
317,3,2,6,5,3,1,2,10,5,4,5,3,0,3,7,10,10,5
318,6,3,8,10,6,7,3,9,10,4,6,8,5,10,2,2,0,10
319,5,10,10,0,5,4,3,6,0,1,10,2,3,4,7,8,1,9
320,5,5,0,0,3,10,3,6,7,10,4,8,4,7,5,6,1,4
321,10,5,1,8,7,2,0,4,5,0,0,4,5,2,0,9,3,1
322,3,5,2,7,3,0,4,0,9,1,8,6,10,6,9,6,6,3
323,5,9,9,5,9,4,6,2,1,10,0,4,6,4,2,1,5,6
324,10,3,0,9,1,8,0,3,5,8,1,4,2,4,4,2,6,5
325,4,4,2,5,9,9,0,10,7,10,1,8,8,1,4,0,1,3
326,4,6,5,0,3,10,8,9,6,1,0,4,6,2,4,6,3,8
327,2,4,9,4,9,10,0,6,2,10,9,5,10,5,2,0,4,7
328,2,1,10,9,10,0,8,4,3,7,5,5,8,9,10,3,9,9
329,6,8,2,0,5,9,10,10,0,3,6,5,3,9,2,7,2,7
330,6,9,7,0,0,5,8,2,2,4,5,5,2,1,2,3,3,5
331,4,3,2,10,4,2,7,3,3,1,4,7,6,2,6,4,5,2
332,9,8,0,3,1,4,4,6,0,1,7,8,9,0,1,3,0,1
333,2,7,0,9,1,5,5,0,7,1,10,3,4,5,0,7,8,8
334,6,8,5,7,3,5,8,2,8,10,1,8,4,1,10,7,4,8
335,10,10,7,7,2,7,7,5,0,4,6,6,4,8,9,10,5,0
336,2,7,6,9,8,9,0,9,3,5,10,3,9,4,0,8,7,9
337,7,1,5,1,1,8,10,5,1,10,1,5,10,4,0,7,9,5
338,5,0,5,0,8,4,0,5,6,9,2,9,4,10,8,10,3,10
339,6,3,6,5,3,10,4,5,2,6,3,0,8,0,0,8,4,4
340,4,8,4,7,8,6,8,4,1,8,8,3,1,3,7,9,1,2
341,5,6,3,10,7,3,8,10,5,3,6,0,5,9,4,9,8,9
342,4,8,5,4,3,3,7,4,4,10,6,5,1,7,9,10,4,0
343,9,9,10,0,9,8,6,9,8,8,3,6,8,9,2,9,9,8
344,9,10,2,6,5,6,3,7,0,4,2,5,9,4,9,6,1,10
345,9,4,9,9,0,8,5,5,5,7,3,5,0,8,3,7,10,4
346,3,7,10,3,5,9,3,9,7,7,10,3,1,4,5,6,6,4
347,8,6,8,0,9,9,4,8,6,7,2,9,4,8,6,3,2,7
348,4,10,4,1,4,8,7,8,8,0,3,10,2,4,1,8,0,1
349,8,1,8,3,0,10,4,3,5,1,0,10,7,3,7,9,2,0
350,2,7,4,9,5,1,9,4,10,8,0,7,10,9,6,7,1,2
351,5,7,3,3,4,7,8,0,9,7,6,0,0,0,2,7,7,2
352,9,5,1,5,2,1,3,10,5,9,7,1,5,4,9,9,2,7
353,9,8,3,8,5,2,2,0,10,7,7,1,3,10,7,9,10,7
354,2,5,7,2,4,8,6,7,9,0,4,2,9,10,5,4,7,10
355,4,8,2,1,1,9,1,1,8,7,5,8,9,0,8,4,4,9
356,8,5,4,5,3,7,6,8,1,3,6,0,6,1,5,8,4,1
357,0,9,5,3,0,2,4,4,5,8,7,5,7,9,0,7,7,7
358,8,8,0,3,0,0,3,6,8,8,6,4,1,7,1,9,2,9
359,6,1,5,0,4,7,5,3,9,1,4,7,6,8,9,6,8,10
360,2,0,8,4,10,7,0,1,6,6,5,7,4,7,0,8,2,1
361,0,8,4,7,7,7,4,1,6,10,8,3,10,4,3,5,3,10
362,1,1,1,2,3,1,6,8,7,6,10,6,3,6,1,1,8,7
363,2,8,7,3,0,7,8,7,3,4,9,7,10,10,4,0,8,9
364,6,10,1,9,1,8,8,9,10,7,8,10,6,0,7,7,5,7
365,9,7,10,3,6,1,7,7,6,9,1,4,10,8,9,6,1,6
366,6,9,4,5,3,6,5,6,1,0,0,6,1,10,9,3,7,2
367,8,6,2,1,2,5,1,4,9,9,10,3,8,4,9,0,7,5
368,5,0,8,6,4,7,8,1,3,8,1,0,0,10,6,0,7,0
369,3,2,6,0,1,8,8,4,5,10,6,2,10,4,6,3,2,6
370,2,0,3,7,1,4,2,1,3,0,8,8,0,7,1,9,8,4
371,0,4,5,9,9,2,2,1,6,0,10,5,2,10,3,10,2,6
372,1,3,2,10,8,7,2,6,7,7,6,6,7,2,6,3,3,5
373,1,4,6,4,2,5,6,2,1,6,3,1,8,7,7,10,4,2
374,2,6,6,7,7,5,5,3,2,0,10,9,4,4,9,1,3,7
375,6,7,1,0,10,10,2,8,0,8,6,4,5,5,1,0,9,7
376,6,0,2,0,5,9,0,8,5,7,4,3,9,1,2,0,3,7
377,4,7,4,2,2,7,5,2,2,9,2,5,9,7,8,3,1,7
378,7,10,6,3,4,8,2,5,4,6,5,1,3,4,5,9,4,4
379,1,2,10,0,0,8,6,9,6,9,2,8,5,4,5,8,1,1
380,8,3,3,8,3,8,10,6,3,2,6,1,6,3,5,5,6,2
381,6,10,9,7,5,6,5,6,5,8,8,10,4,1,8,0,3,4
382,2,2,9,1,6,2,2,8,10,4,6,5,8,0,10,6,7,4
383,2,3,10,3,7,7,10,1,8,7,10,2,10,9,7,5,8,2
384,1,5,0,9,4,4,6,2,2,0,8,9,2,6,9,1,6,10
385,3,4,2,0,6,4,10,0,2,8,7,1,5,7,6,8,3,10
386,9,0,6,7,4,6,10,6,8,7,7,9,2,1,7,9,8,1
387,4,8,5,7,6,1,9,2,2,1,2,6,2,3,8,5,6,6
388,10,6,10,8,5,10,3,3,5,10,10,6,2,5,1,7,1,7
389,5,7,7,4,5,2,8,7,3,7,6,8,10,1,4,3,1,8
390,10,9,3,9,0,9,9,5,10,3,8,2,10,7,9,1,9,6
391,5,0,10,0,8,10,9,6,1,10,3,5,9,9,3,8,0,4
392,6,5,0,3,3,3,5,6,2,6,0,6,7,2,1,9,7,5
393,4,1,1,1,4,8,4,2,3,4,5,4,7,4,2,7,5,3
394,4,3,8,6,5,9,9,1,4,4,7,4,3,9,6,5,10,7
395,2,7,10,3,0,2,6,10,4,4,9,10,6,3,9,4,3,10
396,4,9,3,4,0,1,9,7,3,0,5,0,10,2,8,6,10,4
397,5,1,9,5,2,5,5,8,6,6,1,4,2,7,9,2,6,5
398,10,9,5,10,7,4,6,1,3,5,4,0,8,1,7,3,7,5
399,7,3,7,4,2,10,7,10,2,8,5,1,3,9,8,4,3,7
400,5,2,5,0,3,6,9,4,10,3,7,2,10,10,7,7,9,4
401,10,8,9,8,5,8,4,8,7,2,5,5,4,10,9,4,4,5
402,1,2,7,2,4,1,8,8,2,6,5,10,2,6,5,0,0,0
403,4,5,6,1,7,7,3,4,1,9,4,1,1,2,3,8,7,3
404,1,9,3,10,0,8,9,6,10,6,3,4,4,8,5,4,4,7
405,10,5,2,4,10,5,4,6,9,9,8,0,2,9,3,9,2,10
406,7,8,10,9,8,6,2,2,2,8,7,10,4,9,1,6,3,0
407,2,9,10,10,1,1,7,1,3,0,3,1,10,3,7,1,9,0
408,4,7,2,8,10,0,10,5,6,9,9,9,3,3,10,6,10,10
409,1,7,10,3,8,5,9,7,0,10,7,6,5,10,2,1,8,6
410,0,2,10,7,5,8,3,9,5,1,7,7,8,6,2,9,1,9
411,6,1,4,8,0,1,7,6,1,9,6,8,9,0,9,1,0,4
412,1,8,2,3,6,6,5,7,10,1,0,3,1,4,1,10,2,9
413,9,1,4,4,1,10,2,0,9,0,6,6,1,6,7,1,6,3
414,4,0,0,7,7,0,3,0,4,4,2,1,2,2,9,2,5,1
415,10,10,4,1,4,7,7,0,0,0,7,8,7,5,1,1,5,5
416,0,8,3,3,3,4,6,8,5,3,1,2,4,5,6,8,6,2
417,6,1,0,1,5,7,7,5,5,4,5,7,7,3,8,8,4,9
418,2,2,0,6,3,7,0,3,1,5,5,1,4,6,3,4,4,1
419,1,9,9,3,7,0,1,6,9,2,5,7,2,0,8,3,4,7
420,9,9,5,10,8,0,6,10,0,3,3,1,5,1,8,2,2,0
421,7,8,9,4,2,5,8,4,4,0,5,6,6,3,9,5,9,9
422,6,3,10,8,6,4,8,6,0,10,9,4,2,0,4,3,9,10
423,5,0,6,0,0,3,9,9,8,9,6,6,10,4,8,10,1,8
424,8,0,10,3,4,9,6,0,0,2,7,7,9,7,7,6,3,9
425,10,3,9,0,4,10,8,6,2,5,9,1,5,7,4,9,5,10
426,0,3,2,3,3,0,2,0,1,0,8,10,8,0,0,3,7,10
427,1,1,10,8,7,0,5,6,3,3,8,8,4,0,9,2,10,5
428,5,9,10,8,6,9,4,7,0,5,5,1,10,4,4,4,2,9
429,4,9,8,10,3,2,3,0,8,3,9,2,6,3,1,10,3,9
430,7,3,5,4,0,4,7,8,2,7,10,6,8,1,10,10,1,2
431,7,6,9,9,6,10,2,10,0,7,7,10,6,5,6,7,0,9
432,5,9,7,0,2,2,2,0,6,6,5,8,0,9,3,4,3,4
433,2,10,5,8,8,0,5,8,7,6,9,10,0,4,4,6,9,6
434,8,10,0,1,1,10,6,8,5,8,0,4,1,1,7,9,7,10
435,0,0,0,0,8,4,8,5,9,0,4,10,10,4,4,9,4,8
436,8,1,10,6,0,1,1,2,5,8,6,8,5,4,3,9,8,2
437,5,0,1,1,5,2,7,6,5,6,1,8,6,3,4,5,6,2
438,8,6,1,3,9,0,3,7,10,7,9,7,9,7,6,9,6,6
439,10,0,0,1,7,7,10,5,5,6,2,7,8,6,10,5,0,3
440,4,8,8,10,0,4,4,2,3,3,10,2,7,2,5,8,8,1
441,6,4,8,2,3,1,2,0,3,7,7,9,1,10,4,9,10,5
442,2,3,0,3,7,1,0,5,2,8,9,7,8,1,1,1,8,5
443,1,8,3,7,9,5,4,10,6,0,6,7,7,4,2,10,6,1
444,0,5,1,6,7,6,4,7,6,2,2,2,4,8,6,1,1,1
445,0,7,7,1,4,10,6,1,3,2,6,4,2,9,9,0,0,8
446,3,5,9,7,10,8,0,2,9,1,6,0,4,1,9,6,5,8
447,1,1,7,2,0,3,2,5,1,6,0,8,5,2,6,1,5,4
448,10,4,4,6,3,10,0,10,2,10,0,9,2,5,6,3,3,0
449,9,0,8,7,8,0,9,5,9,8,2,10,9,0,4,7,0,4
450,10,10,8,7,4,8,5,10,7,1,3,0,8,10,7,3,2,6
451,8,10,3,10,7,4,6,10,9,2,8,0,10,1,4,10,3,1
452,0,8,7,1,1,2,9,0,3,8,5,2,6,0,3,3,3,6
453,5,9,4,4,7,1,3,4,2,9,0,1,0,7,6,6,7,8
454,10,2,10,9,2,4,5,0,5,4,7,10,10,5,7,2,7,1
455,8,6,9,3,10,7,1,3,4,6,6,5,4,6,2,3,2,6
456,1,7,0,8,0,9,0,2,5,9,8,4,6,6,6,2,0,5
457,9,8,4,2,6,1,5,5,8,8,10,7,3,8,7,8,7,9
458,3,1,5,5,1,1,9,2,6,8,8,2,3,3,5,4,9,6
459,0,10,8,6,3,8,3,10,9,1,9,6,2,7,0,8,10,9
460,7,0,6,1,5,1,9,6,2,9,4,2,9,0,3,3,3,7
461,0,5,4,3,5,6,2,2,5,6,0,9,5,9,8,10,10,0
462,9,10,3,9,2,9,0,1,2,4,9,10,3,8,6,10,8,5
463,8,1,0,6,8,3,4,10,5,2,10,6,8,4,8,6,5,3
464,3,6,4,2,5,0,5,9,3,3,6,7,7,10,4,3,8,3
465,9,9,10,2,10,4,5,8,2,0,8,8,6,0,9,2,7,10
466,4,4,9,8,2,3,4,7,7,5,6,10,6,5,7,3,4,0
467,2,7,10,5,2,10,4,5,8,0,7,4,9,8,5,1,1,1
468,1,3,10,7,6,0,5,10,3,1,0,9,4,8,9,9,7,5
469,10,6,6,1,7,8,9,9,1,4,1,6,8,5,4,8,3,4
470,4,2,8,1,7,8,10,9,9,8,6,8,7,3,9,6,5,6
471,2,2,6,9,3,7,3,7,10,10,3,3,1,8,9,2,5,5
472,0,2,6,0,0,3,8,8,7,3,10,9,1,10,5,1,1,0
473,8,0,5,4,4,9,7,3,3,5,2,8,5,4,1,8,10,10
474,4,1,10,1,10,10,8,8,5,0,8,3,3,6,7,7,1,10
475,2,7,1,9,8,7,0,10,9,10,8,0,0,10,7,5,4,9
476,10,9,6,6,0,5,5,3,10,7,2,0,4,6,7,10,7,6
477,4,8,1,7,4,5,5,1,3,10,7,3,3,7,0,0,7,3
478,4,9,2,8,0,5,5,6,4,3,2,10,6,3,3,4,9,10
479,5,3,3,6,1,6,7,2,5,10,7,6,6,2,0,9,5,10
480,10,8,8,1,5,1,3,2,9,8,5,8,5,8,3,4,1,2
481,8,5,5,7,8,6,2,6,8,4,2,4,6,0,3,4,10,8
482,10,7,8,9,6,5,9,1,10,8,6,5,3,5,4,1,0,3
483,1,10,2,10,9,10,7,10,10,7,1,0,6,1,10,0,9,4
484,10,3,10,9,3,4,4,8,3,10,1,9,9,6,1,6,10,7
485,2,7,0,3,6,1,2,7,8,0,2,6,2,5,10,9,4,7
486,5,6,3,3,7,0,5,4,7,1,2,3,1,6,9,6,0,4
487,6,7,2,0,3,5,2,5,2,8,3,2,5,6,4,1,9,5
488,4,6,7,8,10,2,7,3,4,2,3,10,3,0,4,8,7,7
489,0,2,8,7,1,6,0,1,4,4,6,9,10,6,9,2,7,0
490,8,6,3,2,4,5,8,10,7,1,9,1,7,8,9,8,10,9
491,4,1,4,3,8,8,3,6,10,10,2,7,2,7,4,0,6,1
492,3,6,0,9,0,1,0,10,6,9,10,3,7,10,1,7,1,4
493,10,10,2,0,5,5,6,8,7,0,3,4,0,10,6,8,8,0
494,6,1,5,2,5,6,6,0,4,5,4,3,9,4,10,6,4,9
495,5,9,4,4,10,2,6,7,4,1,7,4,8,3,7,4,10,5
496,5,1,0,9,6,9,5,4,0,5,5,6,10,9,8,5,1,6
497,3,3,0,9,2,8,8,4,3,0,6,6,3,8,9,3,6,2
498,9,1,8,9,8,6,2,5,4,5,10,10,9,5,1,0,2,6
499,9,0,3,4,3,9,10,4,9,10,8,0,6,5,7,2,1,10
500,9,0,3,7,4,1,10,8,9,8,5,1,9,6,10,9,3,1
501,5,5,3,4,2,4,3,2,9,8,2,4,0,0,0,4,7,7
502,6,2,7,4,9,8,7,7,1,4,3,1,9,5,1,3,3,3
503,8,10,1,4,7,4,1,8,4,4,5,2,10,4,5,6,9,8
504,6,7,8,10,10,2,9,4,5,3,6,9,1,8,5,2,10,8
505,3,0,3,9,1,2,3,7,5,7,8,6,4,4,8,4,8,0
506,2,0,9,8,2,0,10,9,5,0,8,3,1,6,10,5,2,9
507,1,0,5,10,10,9,9,0,8,6,3,1,6,5,1,5,2,7
508,7,0,10,7,2,6,1,0,9,10,6,10,7,6,8,2,2,3
509,10,7,7,1,6,0,2,9,0,9,8,0,1,6,8,5,0,2
510,7,8,8,9,3,8,1,2,8,5,10,5,1,6,1,2,0,7
511,3,1,4,4,4,2,3,0,2,10,8,1,1,1,10,1,10,1
512,4,2,7,1,6,2,3,5,9,6,3,0,2,4,3,1,3,1
513,8,4,9,6,7,10,8,7,10,0,1,4,10,3,7,10,7,9
514,0,0,7,4,6,10,1,0,4,1,0,6,10,9,4,8,4,3
515,4,8,5,8,7,4,4,1,0,8,9,2,9,4,8,9,2,8
516,4,6,8,1,4,2,4,0,2,5,2,0,5,10,10,4,0,0
517,7,4,5,2,10,0,2,5,8,0,9,3,2,9,1,0,8,0
518,3,0,6,5,1,8,8,8,3,5,2,0,6,5,7,10,5,5
519,5,3,10,6,1,6,3,10,10,9,7,7,4,10,7,10,10,7
520,5,5,5,10,0,9,1,4,10,5,0,10,8,1,6,0,5,5
521,5,2,3,1,10,8,1,10,1,7,0,0,7,1,6,0,10,2
522,8,3,3,6,10,5,0,5,2,9,10,0,0,5,5,1,1,5
523,0,3,5,8,6,5,4,1,5,10,4,8,1,4,4,4,3,0
524,8,5,4,2,0,6,8,5,9,8,1,8,6,2,2,2,4,3
525,2,5,6,1,6,6,5,1,7,9,2,1,3,5,9,9,6,0
526,0,6,8,10,1,6,1,4,3,3,10,4,2,2,5,2,4,1
527,4,2,5,10,6,10,8,8,2,2,7,6,0,7,6,0,7,4
528,9,5,10,2,3,10,2,3,3,10,6,6,3,9,1,8,7,10
529,1,4,8,2,3,0,5,9,1,1,6,0,9,9,0,10,6,4
530,0,6,5,3,1,2,8,9,5,8,4,10,9,8,4,5,4,0
531,10,7,9,4,4,0,6,4,0,8,1,10,8,7,6,3,1,2
532,6,2,4,1,4,1,4,10,1,8,0,7,2,10,5,9,9,1
533,4,0,3,10,10,9,5,2,9,5,1,7,3,9,4,1,8,9
534,2,5,0,10,2,8,10,5,4,4,0,3,6,5,3,7,1,4
535,7,2,3,10,6,0,5,8,7,10,3,4,5,3,0,7,3,1
536,9,0,8,1,1,4,7,2,2,9,5,1,1,8,10,0,9,5
537,10,8,4,5,8,7,0,8,7,8,6,10,8,3,9,6,10,6
538,6,2,6,10,4,1,10,1,4,10,3,10,6,0,8,9,8,10
539,7,3,9,3,4,8,5,4,7,0,9,4,0,1,10,9,6,8
540,1,4,2,0,2,2,1,0,8,0,3,4,5,3,10,4,7,10
541,7,2,5,6,9,7,9,0,10,9,5,3,10,7,10,3,5,5
542,6,5,3,5,6,4,8,9,1,6,4,10,7,6,8,6,2,1
543,3,5,0,2,7,5,5,7,1,8,6,10,4,0,4,1,7,1
544,7,9,1,4,6,2,2,1,0,5,9,3,2,8,9,6,3,7
545,4,9,2,5,0,10,8,6,3,1,3,9,9,8,8,3,5,2
546,8,7,0,9,9,3,1,1,1,9,10,2,10,4,2,9,0,0
547,0,7,8,1,6,3,10,9,1,4,2,9,7,2,7,4,10,10
548,4,2,9,5,2,1,9,10,1,6,9,5,7,3,9,0,2,0
549,5,6,6,4,3,3,10,3,1,10,1,5,6,5,8,4,5,0
550,10,10,2,7,1,5,9,4,8,0,10,1,4,2,4,6,4,1
551,1,2,6,8,10,10,10,4,8,0,4,3,4,8,10,8,1,0
552,3,6,2,9,0,10,9,9,10,5,9,5,9,1,4,4,3,4
553,6,10,0,2,9,8,10,6,6,3,7,8,10,7,2,0,10,10
554,7,0,9,2,10,3,6,4,9,0,2,7,2,6,2,1,0,8
555,6,10,7,9,2,7,9,2,4,5,2,8,9,6,5,2,0,5
556,6,8,5,0,0,1,5,1,10,8,8,8,7,2,3,4,8,5
557,10,6,4,1,9,10,8,6,1,7,3,4,6,9,7,10,7,1
558,2,2,4,9,2,1,4,5,1,1,0,5,3,9,0,1,0,1
559,5,3,1,8,2,5,8,5,3,9,8,5,1,3,6,2,4,3
560,0,8,2,3,5,9,5,9,8,10,10,2,0,5,7,5,1,9
561,10,4,8,6,9,6,10,6,0,6,3,2,3,5,5,4,6,1
562,2,7,4,4,0,3,8,9,2,10,4,5,10,2,10,8,1,8
563,6,4,6,2,8,8,3,9,5,8,6,3,6,5,5,7,1,8
564,10,5,6,4,7,7,6,10,10,8,3,3,5,0,7,3,1,1
565,4,8,3,9,8,8,2,1,10,8,10,7,7,3,3,0,8,5
566,5,0,3,2,4,1,3,10,6,6,5,9,6,2,1,7,7,1
567,2,3,2,0,6,2,4,6,9,7,10,3,8,7,7,7,2,3
568,2,0,5,3,10,8,1,6,4,5,3,7,7,9,2,6,10,4
569,9,5,6,6,3,1,5,2,8,3,9,10,4,7,5,5,7,4
570,9,0,2,5,7,10,1,2,9,9,1,7,8,2,3,0,1,8
571,3,10,4,8,10,3,9,3,5,0,8,10,10,7,5,3,3,4
572,8,9,3,7,0,0,0,2,6,10,7,0,1,5,1,0,10,9
573,0,9,10,10,1,9,7,1,5,7,7,8,4,10,4,4,6,1
574,7,9,9,2,3,6,1,7,2,1,9,10,1,8,1,6,4,0
575,6,4,4,0,1,2,1,7,1,3,1,2,9,3,4,0,9,4
576,2,2,3,6,0,7,4,1,4,2,9,1,3,7,2,0,4,1
577,0,0,0,0,0,5,9,5,9,0,0,10,2,2,10,7,6,5
578,2,8,7,6,7,9,5,8,9,0,1,4,6,0,2,2,10,7
579,2,2,9,8,6,7,2,10,7,10,4,10,1,0,1,7,1,1
580,10,0,2,4,3,1,7,5,5,3,1,3,3,0,6,10,0,7
581,4,9,10,6,5,2,10,9,0,1,8,8,7,10,10,5,7,9
582,6,4,10,6,8,1,2,3,0,9,8,2,7,9,4,1,5,10
583,1,0,4,5,5,6,7,3,6,4,7,6,0,8,8,9,3,4
584,3,0,10,8,4,8,1,10,8,4,2,7,4,10,2,6,6,9
585,5,6,5,9,9,0,7,1,10,6,7,3,3,0,7,3,9,6
586,5,7,7,6,10,3,7,0,0,6,5,5,8,2,2,0,0,6
587,2,4,0,7,2,6,9,7,9,1,10,7,2,8,9,8,2,10
588,4,1,2,9,0,4,8,10,4,2,4,8,5,8,6,7,4,6
589,1,1,0,3,7,4,4,9,1,3,4,6,2,6,0,1,3,7
590,2,7,2,2,6,10,7,7,4,3,8,3,0,10,9,1,0,8
591,3,2,6,4,10,4,9,7,1,2,6,7,4,3,9,8,6,3
592,4,6,4,0,2,8,9,5,10,4,5,4,7,10,5,2,5,0
593,3,0,1,0,6,4,8,0,7,8,5,5,2,5,9,7,4,7
594,1,6,1,7,5,4,10,3,4,2,8,6,6,7,9,6,10,1
595,0,8,9,7,5,5,10,3,3,6,1,4,4,2,6,9,7,9
596,8,6,4,4,5,7,0,5,4,8,0,1,5,7,9,6,3,7
597,2,8,7,9,10,3,7,4,4,7,9,3,6,1,3,9,5,7
598,5,4,1,6,10,5,4,3,3,8,8,9,2,3,5,9,7,5
599,5,8,2,8,7,9,2,10,6,3,6,1,5,9,8,7,4,5
600,10,6,9,10,6,6,7,1,3,10,1,1,3,7,9,7,5,4
601,4,4,2,4,7,5,5,0,8,2,5,10,6,7,9,8,5,5
602,6,5,9,1,9,1,10,2,4,3,1,10,8,0,0,8,5,4
603,4,3,0,1,2,1,3,4,4,7,7,3,5,10,2,6,1,6
604,6,7,4,8,6,8,7,5,9,0,1,10,9,3,10,8,8,3
605,10,9,6,10,9,7,10,8,2,2,6,1,3,7,3,1,4,3
606,4,8,0,3,2,1,0,9,6,7,9,2,4,2,2,3,4,0
607,2,5,3,2,2,3,3,5,7,10,3,4,7,3,4,1,9,4
608,4,2,6,9,4,3,4,0,6,1,8,8,5,0,0,1,10,2
609,10,2,8,6,1,5,0,10,1,5,3,5,0,3,5,2,3,1
610,10,1,9,3,8,8,7,3,6,3,6,6,2,9,1,8,6,7
611,9,10,0,3,9,3,10,4,0,4,1,5,4,1,1,10,5,4
612,3,6,9,5,0,0,1,1,3,7,6,1,4,3,2,10,6,8
613,1,9,2,10,2,9,4,6,4,3,9,9,10,5,10,7,2,7
614,4,6,5,5,10,9,1,8,2,3,7,2,6,2,5,9,6,0
615,0,4,8,6,8,10,0,2,4,7,3,1,0,7,1,7,5,2
616,1,0,3,1,10,8,7,3,6,6,5,1,10,9,6,3,6,7
617,3,2,7,1,6,6,0,1,9,8,7,5,3,6,2,8,3,10
618,9,0,5,8,2,6,6,4,5,1,9,3,5,9,7,3,1,9
619,8,9,9,10,8,1,1,2,1,1,7,9,10,5,10,0,9,5
620,10,10,5,10,2,7,3,9,5,0,8,8,4,0,7,6,1,7
621,8,8,1,2,8,0,0,6,2,1,7,7,7,9,10,7,6,4
622,2,6,6,3,6,10,5,0,1,8,6,10,1,8,9,1,6,6
623,5,6,1,9,8,9,2,1,6,9,7,0,5,9,7,10,10,10
624,2,1,8,10,7,1,9,7,4,6,6,8,8,9,0,6,8,1
625,9,5,0,1,0,3,10,5,2,6,4,7,8,3,4,7,0,3
626,4,9,3,0,7,3,6,9,3,3,2,2,8,5,8,3,7,6
627,8,2,9,4,6,10,3,6,3,6,3,10,0,1,9,9,9,1
628,5,3,7,6,4,0,1,8,3,7,6,0,1,4,9,8,2,10
629,5,7,0,2,7,9,4,3,4,7,4,7,0,5,7,6,0,1
630,3,7,2,6,7,7,7,9,9,5,10,6,3,0,1,4,2,2
631,6,7,9,10,9,2,6,0,7,1,7,0,6,1,7,2,6,7
632,8,9,2,7,0,3,5,10,5,9,1,1,4,5,10,6,7,2
633,7,1,8,7,1,2,8,3,7,4,3,6,3,4,9,0,2,10
634,3,8,0,0,10,5,10,7,10,7,8,2,0,8,3,5,8,1
635,1,7,10,3,8,6,8,7,3,6,2,9,0,0,10,7,10,6
636,4,9,5,6,6,0,8,8,2,7,10,6,8,5,9,10,10,10
637,0,3,7,7,9,10,10,6,7,6,4,6,2,10,6,4,7,10
638,6,4,8,0,7,8,6,10,9,8,8,1,0,4,9,5,3,6
639,10,0,10,6,4,3,0,7,7,5,5,4,6,5,9,10,7,8
640,5,5,3,6,0,9,6,5,3,6,5,8,1,5,3,5,4,0
641,2,10,0,0,0,4,4,8,5,5,0,6,10,0,3,10,3,10
642,8,4,1,9,9,1,7,1,4,6,9,0,1,3,0,10,7,1
643,0,1,3,9,6,2,2,2,10,3,9,2,10,10,5,5,8,6
644,8,5,10,4,5,3,1,0,9,2,7,9,5,0,0,1,7,9
645,6,4,3,7,4,1,5,4,10,3,4,7,7,6,3,0,7,2
646,8,4,0,10,6,8,7,5,6,5,6,6,2,7,6,6,6,1
647,0,2,1,5,0,0,5,6,8,1,8,0,10,1,0,6,3,4
648,9,9,9,2,6,1,6,0,4,2,3,6,9,10,6,6,1,8
649,6,9,9,4,2,5,5,10,10,10,3,0,8,5,3,7,2,10
650,8,9,0,3,3,0,0,5,6,5,0,9,9,5,8,2,3,10
651,4,1,3,0,4,5,9,2,7,3,8,6,5,8,6,3,2,1
652,3,0,7,9,1,3,8,5,2,7,3,10,9,2,1,9,8,5
653,9,7,7,2,7,3,2,1,2,2,10,3,10,3,2,0,8,8
654,5,6,7,4,10,5,9,9,3,8,7,3,1,5,0,10,3,9
655,1,5,9,7,1,9,0,10,10,7,0,2,10,7,0,6,5,0
656,6,6,8,1,1,6,9,3,7,10,1,10,7,5,4,6,2,7
657,9,0,6,5,4,4,4,8,1,10,7,6,9,4,4,10,1,7
658,10,7,4,2,1,8,0,5,2,4,0,6,4,9,3,5,2,3
659,8,1,3,0,3,6,9,9,2,6,7,9,1,1,3,7,10,10
660,6,8,7,5,5,7,6,1,8,4,6,10,9,5,8,8,0,4
661,9,7,1,3,1,1,4,2,4,9,4,2,9,9,7,4,1,5
662,2,3,3,4,3,0,10,10,9,10,1,2,0,5,2,10,8,5
663,5,5,4,7,6,3,8,6,6,1,0,4,4,3,6,6,9,4
664,10,6,2,5,2,1,3,7,1,8,6,0,8,9,4,1,8,10
665,8,3,2,3,5,8,9,10,6,5,3,8,6,9,5,8,0,5
666,7,10,4,6,2,8,4,3,8,10,10,6,7,3,2,10,2,4
667,4,5,9,6,8,1,10,8,2,0,8,6,0,7,1,8,7,3
668,9,9,2,8,10,1,4,5,2,4,0,1,5,10,0,4,5,7
669,10,4,0,4,9,4,0,10,10,1,2,7,5,0,4,6,7,5
670,3,4,1,7,1,8,6,7,6,6,8,4,1,6,5,4,2,9
671,5,7,10,6,10,7,1,0,4,10,8,10,3,4,3,10,7,6
672,8,8,8,10,5,9,1,5,6,0,2,7,3,8,1,0,7,0
673,10,7,5,8,0,1,6,1,5,0,6,7,8,4,7,5,10,3
674,8,10,10,5,8,4,5,1,1,10,2,2,7,2,9,4,8,2
675,0,2,10,3,1,5,10,7,6,10,5,7,8,7,10,8,6,3
676,5,0,6,5,4,0,6,2,6,9,3,2,4,10,10,4,0,8
677,2,5,9,1,0,2,3,8,3,0,5,8,5,0,8,6,4,9
678,2,9,6,2,4,9,4,5,5,4,4,1,6,4,4,4,10,9
679,9,6,7,4,3,7,10,5,2,7,0,6,4,10,10,3,3,2
680,6,4,10,7,4,7,4,5,7,6,2,3,2,8,3,9,7,8
681,2,6,7,2,1,9,0,6,6,2,9,10,2,7,1,2,6,8
682,7,7,6,8,6,1,10,3,2,0,1,0,6,10,8,8,8,4
683,0,6,10,6,8,4,10,6,1,1,0,2,5,7,4,4,7,1
684,9,10,10,9,5,9,10,7,4,0,7,0,10,7,10,3,2,3
685,7,2,8,8,7,2,4,3,8,7,6,7,6,5,0,10,5,9
686,3,0,4,3,5,10,10,3,2,1,8,4,4,6,5,1,10,9
687,0,8,9,6,5,2,2,10,0,1,3,4,1,9,6,6,5,0
688,3,8,2,3,0,1,9,3,0,8,0,10,1,4,8,4,7,10
689,4,8,3,3,2,2,9,4,8,10,0,3,10,5,5,2,10,8
690,1,0,10,7,10,5,10,0,2,1,3,7,4,1,9,8,5,7
691,0,4,1,1,7,5,2,0,2,5,7,4,6,6,4,9,5,5
692,5,10,7,1,1,4,5,10,8,10,2,3,5,0,5,9,0,5
693,7,10,0,0,1,9,9,5,7,9,9,2,5,9,8,1,6,10
694,9,7,8,1,3,8,7,7,6,5,6,0,6,6,10,8,7,3
695,6,9,6,7,1,5,7,0,0,1,7,5,1,1,1,4,3,1
696,5,8,4,0,7,9,9,7,10,10,1,5,8,7,4,3,8,6
697,0,2,8,10,3,7,0,2,4,7,2,9,0,6,4,5,10,6
698,1,5,7,1,2,2,2,5,5,8,10,8,8,0,3,7,1,2
699,6,1,9,8,6,2,9,0,4,8,3,8,5,8,6,1,6,10
700,3,4,8,1,1,2,2,1,3,0,1,6,6,1,2,0,0,4
701,8,5,6,6,8,3,6,0,0,2,8,2,1,8,9,4,3,1
702,10,3,5,0,0,3,0,5,8,3,5,7,6,2,0,10,3,9
703,0,2,1,10,5,9,8,10,1,5,3,1,7,1,8,6,6,6
704,1,1,7,10,4,10,4,7,1,0,2,6,4,9,1,2,8,10
705,7,10,1,9,5,1,9,6,1,6,10,5,6,1,3,9,7,3
706,10,2,3,8,4,0,8,1,3,6,10,0,4,2,9,0,7,2
707,6,6,2,0,5,3,2,0,5,5,6,1,10,9,8,1,8,1
708,2,10,3,0,5,1,10,0,7,1,2,8,8,3,6,3,2,7
709,2,10,3,8,4,2,9,4,5,9,4,3,4,5,2,2,4,10
710,10,7,7,10,6,10,3,2,10,7,4,1,9,7,2,7,4,0
711,1,10,2,8,9,4,9,5,9,2,1,0,0,9,4,1,5,6
712,4,9,2,0,2,5,7,0,1,7,2,3,10,3,8,1,3,9
713,5,1,2,10,0,8,2,8,7,7,10,4,9,1,5,4,5,10
714,10,4,4,10,6,8,4,5,3,1,3,10,3,3,6,4,4,1
715,1,8,5,9,1,3,0,7,0,4,7,6,6,5,5,4,3,2
716,10,8,1,5,9,4,9,4,9,2,1,1,9,2,10,10,0,6
717,7,4,10,9,2,8,0,4,0,8,6,7,1,10,9,1,10,8
718,0,2,0,8,2,9,3,3,3,5,8,4,10,8,1,6,9,5
719,6,8,3,5,4,3,0,5,2,5,3,4,0,2,8,0,10,10
720,4,6,2,8,7,5,7,8,6,10,4,1,6,1,10,3,3,2
721,7,5,3,8,7,4,8,3,10,5,6,4,3,6,9,2,4,3
722,3,5,0,5,0,6,10,2,5,10,9,10,5,5,6,3,10,0
723,4,0,3,0,5,7,0,0,2,5,7,1,10,10,9,6,3,1
724,6,4,3,1,10,0,5,2,0,2,2,6,6,5,3,7,6,4
725,4,3,6,1,7,0,4,4,4,8,6,3,4,3,9,4,10,9
726,2,3,6,9,6,10,4,2,4,0,7,1,1,3,9,5,6,4
727,8,6,8,9,8,1,1,0,8,2,2,6,2,9,0,5,2,0
728,7,7,8,4,4,4,7,4,5,7,2,5,8,4,8,6,7,2
729,1,10,2,8,4,2,8,8,5,5,6,6,10,5,0,0,9,6
730,1,4,3,10,1,7,5,9,6,1,0,2,10,7,6,2,10,0
731,2,1,2,0,9,10,5,2,4,9,5,6,10,4,3,8,0,5
732,9,0,8,10,6,2,10,3,4,2,8,9,6,1,9,7,2,5
733,2,6,1,8,3,6,3,2,5,2,6,2,0,5,1,9,9,1
734,6,5,6,9,8,8,7,5,1,4,1,10,0,5,5,5,3,1
735,2,2,9,5,5,2,1,3,9,5,3,7,1,3,4,6,3,6
736,7,7,5,1,6,7,2,1,9,6,0,6,7,10,1,6,7,9
737,7,10,6,7,4,0,6,1,4,9,3,3,2,3,1,2,8,3
738,3,6,3,5,5,8,10,2,4,6,10,7,2,3,5,7,7,10
739,4,6,10,1,9,10,6,9,10,5,1,3,9,0,10,7,0,1
740,3,8,0,4,3,6,6,1,8,0,10,9,0,0,2,9,5,8
741,0,6,6,6,8,5,4,4,4,6,0,2,1,10,8,8,6,10
742,1,10,4,0,8,5,3,10,1,5,1,6,9,9,8,9,2,4
743,10,2,3,5,5,1,5,0,2,5,6,5,2,9,4,1,3,4
744,1,8,7,1,8,0,3,9,5,10,9,0,9,9,9,3,9,2
745,3,6,6,10,4,2,9,7,0,7,2,8,6,0,3,9,1,7
746,4,1,2,5,3,2,2,0,2,5,8,2,5,1,7,10,7,1
747,10,3,0,2,9,8,6,10,8,7,8,5,0,8,10,3,2,8
748,2,1,0,5,7,4,5,4,4,2,2,0,3,5,3,3,8,6
749,9,3,0,1,1,2,0,5,0,4,7,9,4,0,2,6,4,3
750,6,1,3,0,8,10,6,5,7,4,5,3,2,4,2,7,0,6
751,8,3,2,5,6,4,5,8,6,9,3,9,0,4,9,1,0,4
752,6,9,0,7,4,1,5,8,6,4,10,6,2,10,8,3,8,10
753,0,8,8,5,7,2,9,10,5,0,2,3,4,5,7,2,8,4
754,8,9,5,3,4,8,5,3,1,6,10,5,8,9,2,2,3,7
755,8,3,9,9,2,10,3,6,4,0,3,10,9,9,2,3,0,7
756,0,4,8,7,5,0,2,3,5,6,3,2,2,5,10,3,0,4
757,8,0,8,5,4,10,9,0,8,5,3,7,5,8,9,3,2,1
758,2,2,9,7,0,4,8,3,8,7,1,9,0,4,7,6,2,2
759,10,9,5,0,8,7,9,3,5,5,10,10,2,10,5,5,1,7
760,2,7,0,1,2,8,6,4,9,0,1,7,2,8,5,9,6,5
761,4,10,8,0,6,0,1,1,10,6,3,10,8,5,4,1,4,0
762,5,5,3,9,9,7,1,3,5,10,6,10,8,5,0,2,7,0
763,6,5,3,10,4,1,2,9,10,4,0,4,4,6,3,7,6,9
764,10,4,8,5,0,9,2,3,0,5,8,9,5,10,10,2,8,3
765,1,3,2,3,6,6,8,5,5,2,3,2,5,3,1,5,10,3
766,8,5,10,2,9,8,1,7,2,2,2,8,3,2,6,5,1,2
767,7,0,9,6,1,5,0,9,6,4,2,8,9,8,6,6,3,3
768,1,2,0,1,8,1,2,8,3,3,7,8,4,0,4,7,3,8
769,1,3,2,2,9,5,10,0,1,2,10,10,2,5,6,7,8,2
770,7,6,10,5,2,5,8,4,1,4,7,7,3,7,8,10,7,9
771,6,8,0,1,1,10,10,6,3,9,10,3,2,9,10,4,0,6
772,7,10,2,5,8,3,10,10,7,3,10,5,2,8,3,2,0,6
773,2,10,4,1,9,8,7,8,8,2,5,5,7,10,6,3,1,1
774,6,8,5,4,10,7,10,0,8,3,10,8,7,5,0,2,4,10
775,10,5,7,8,0,8,1,5,5,7,2,9,10,2,0,9,10,2
776,7,3,7,10,9,6,3,7,2,4,0,10,1,3,8,0,5,10
777,5,6,10,2,0,6,3,7,4,1,4,10,7,3,7,6,1,3
778,4,1,7,5,3,10,3,0,7,8,6,0,1,9,7,7,6,0
779,3,6,10,10,3,10,0,0,1,3,2,7,2,6,9,5,6,9
780,7,9,5,8,0,7,2,7,1,1,7,3,2,0,7,9,2,4
781,1,2,2,2,3,10,2,2,10,6,0,10,5,3,0,8,8,10
782,2,2,3,6,10,8,3,3,3,10,7,6,2,8,4,4,2,5
783,2,7,8,0,2,1,10,2,6,6,7,3,7,9,10,6,10,2
784,1,6,8,6,4,3,3,6,7,6,9,9,10,5,4,6,1,5
785,5,0,10,5,3,9,2,3,1,2,3,5,9,0,1,9,10,8
786,5,1,9,9,1,9,6,4,5,9,1,4,9,10,0,9,0,2
787,3,10,9,5,3,9,7,4,4,1,10,3,1,5,1,1,7,3
788,3,10,4,2,10,3,9,6,5,5,3,10,5,6,8,4,3,3
789,8,3,0,5,10,8,9,3,8,5,1,6,8,4,7,4,1,4
790,5,4,6,9,1,0,4,10,7,9,4,0,6,0,7,2,2,5
791,8,2,1,7,6,4,7,5,3,10,4,2,4,1,4,7,10,9
792,9,2,2,5,6,7,4,5,3,8,7,3,7,6,2,3,4,8
793,9,9,4,7,0,9,0,4,3,1,10,8,2,6,5,4,3,8
794,0,4,7,1,10,8,4,6,9,9,6,0,9,5,3,5,6,7
795,6,5,0,8,6,4,5,6,4,0,6,10,0,5,4,0,2,5
796,8,6,0,3,0,9,5,5,7,9,2,3,5,9,5,3,3,3
797,9,6,1,5,4,2,5,8,1,3,9,6,9,6,5,1,7,2
798,1,9,4,6,9,7,6,5,5,8,2,10,5,0,8,2,1,0
799,3,5,7,5,3,0,2,7,0,3,5,4,9,3,6,7,5,0
800,4,3,6,7,9,4,8,1,9,2,0,9,3,9,1,8,7,3
801,9,7,6,8,2,9,3,1,9,6,2,4,5,2,1,3,8,7
802,10,4,4,8,2,5,7,2,3,1,4,1,0,2,2,2,7,5
803,8,1,0,6,4,4,3,4,9,0,7,5,10,4,7,8,8,1
804,2,4,2,6,10,10,8,6,10,9,9,6,2,3,4,5,8,10
805,3,1,7,9,5,8,3,9,10,2,1,5,3,9,3,6,9,9
806,9,4,0,4,0,8,10,6,7,5,2,7,1,10,2,10,1,5
807,8,1,5,0,10,1,6,8,9,9,9,6,6,10,0,10,10,6
808,8,7,5,10,0,4,4,6,8,0,5,10,9,5,3,2,3,8
809,1,0,0,8,6,1,3,5,5,10,9,7,7,8,7,1,7,4
810,0,9,4,8,10,0,10,3,10,5,6,1,4,9,7,4,10,9
811,4,8,5,1,8,1,0,1,5,4,0,10,6,9,3,9,1,7
812,1,5,0,3,3,6,8,10,5,9,0,4,2,2,4,10,2,6
813,10,8,7,2,3,0,8,10,10,3,4,3,7,8,6,9,6,5
814,10,4,8,2,0,8,10,3,5,6,10,8,3,7,9,5,0,3
815,1,1,9,3,3,2,4,1,2,0,0,2,8,9,9,3,8,1
816,3,2,1,2,0,10,2,2,7,4,9,3,7,1,2,6,8,7
817,8,0,1,8,0,2,7,3,5,8,1,9,7,0,2,2,5,0
818,2,5,10,1,10,6,4,7,3,0,4,5,10,5,5,2,4,10
819,8,1,7,7,8,3,4,3,1,1,1,0,7,0,6,8,9,9
820,3,8,8,3,5,4,10,8,2,2,7,8,8,7,10,7,9,10
821,9,9,0,7,5,10,0,4,10,5,10,10,3,0,0,0,8,7
822,10,7,10,5,7,3,8,4,7,8,3,10,1,2,8,2,8,10
823,1,5,2,10,5,1,7,7,3,0,8,9,3,2,7,7,6,7
824,0,5,1,5,4,0,1,7,0,10,8,6,6,4,6,3,9,4
825,3,6,5,9,9,0,2,0,0,2,7,4,5,9,10,7,4,0
826,10,5,9,6,1,5,10,1,4,0,3,5,6,5,2,3,2,2
827,9,10,7,9,3,4,3,2,8,9,7,2,5,9,10,6,8,7
828,0,9,4,10,7,7,9,5,2,6,5,3,0,10,4,1,5,2
829,1,0,10,9,1,0,8,9,6,10,2,2,6,7,4,5,4,1
830,4,0,1,3,10,4,3,2,6,6,10,6,1,1,2,4,3,9
831,3,6,6,10,0,4,0,1,5,9,8,4,7,8,2,8,2,7
832,3,10,0,9,10,1,2,0,1,4,3,3,1,8,8,5,2,4
833,5,8,3,4,9,4,8,3,6,10,6,0,0,7,10,4,5,1
834,8,6,5,5,1,10,8,2,10,6,7,5,6,8,9,9,4,3
835,1,2,7,9,6,0,9,10,8,6,2,6,3,6,8,5,9,5
836,5,8,1,4,3,0,1,0,2,3,2,6,9,1,3,9,8,0
837,10,0,1,8,0,3,9,6,1,7,5,4,0,7,6,6,5,5
838,5,7,3,5,5,10,9,7,2,1,1,3,6,0,2,0,2,1
839,8,1,7,3,10,5,9,2,10,4,2,9,5,1,0,3,8,6
840,8,2,9,7,5,3,5,1,6,10,3,1,9,2,4,10,1,8
841,4,1,7,8,6,0,1,6,10,9,6,0,7,8,6,1,7,3
842,10,4,2,2,5,8,7,4,7,6,5,6,9,2,4,2,6,5
843,4,10,1,5,0,10,1,10,8,4,1,9,3,4,5,4,2,0
844,6,8,3,1,9,1,1,4,1,1,4,10,7,1,9,3,7,2
845,7,6,5,10,2,9,1,3,3,10,10,5,8,7,7,1,8,1
846,6,6,7,4,6,3,0,2,10,3,10,4,8,2,1,5,10,5
847,6,0,8,8,2,1,9,0,6,6,8,3,1,1,1,1,1,10
848,9,7,4,9,5,5,7,9,9,4,3,6,7,5,4,6,1,8
849,0,3,7,0,3,7,8,4,0,1,7,3,10,8,0,7,4,2
850,5,1,7,2,9,10,5,1,0,1,4,4,5,3,0,1,4,0
851,0,7,7,2,7,3,5,3,0,5,7,8,5,3,7,2,0,6
852,10,9,10,1,7,2,3,9,2,5,0,4,7,7,2,4,9,8
853,1,1,8,1,7,10,6,10,3,7,10,2,3,4,8,6,5,10
854,3,2,0,5,3,9,5,0,0,7,1,4,1,0,6,10,3,6
855,10,3,3,4,10,3,5,8,7,1,9,6,8,9,4,7,3,5
856,3,7,8,1,1,0,2,1,1,0,10,7,3,1,5,1,1,4
857,5,5,1,10,1,0,10,10,3,10,6,3,8,8,6,0,1,1
858,8,4,2,9,5,0,9,8,8,5,9,6,4,10,7,7,7,9
859,9,6,0,1,0,9,9,3,6,6,5,9,9,8,10,7,5,4
860,2,0,6,3,6,3,2,8,7,9,10,9,8,10,10,3,9,2
861,9,10,4,5,8,2,4,3,6,5,5,6,1,2,4,7,4,4
862,3,1,3,7,0,7,1,9,4,3,6,10,5,7,10,4,1,6
863,6,8,6,3,3,4,3,5,0,4,5,4,8,6,9,1,10,9
864,2,8,6,6,3,8,0,10,7,10,10,4,8,7,5,10,2,4
865,1,10,6,7,2,6,9,3,8,4,2,5,10,1,0,0,8,4
866,4,3,7,2,8,8,6,9,7,10,0,1,1,5,10,6,3,5
867,6,9,8,2,0,1,1,9,5,7,1,3,6,8,7,9,5,7
868,6,3,4,10,3,2,9,3,7,0,8,6,3,4,9,6,1,10
869,0,3,9,1,1,9,2,6,4,1,5,7,4,2,9,3,5,9
870,1,8,3,0,6,2,2,7,9,3,8,8,5,5,4,8,8,5
871,10,4,0,9,3,1,4,2,0,10,3,0,8,1,3,10,5,9
872,0,5,4,6,1,2,4,4,0,5,10,8,5,8,1,3,3,3
873,0,6,7,10,7,3,2,6,0,5,10,9,1,2,10,4,10,8
874,5,7,3,9,8,3,4,10,3,8,9,4,9,8,9,6,4,5
875,4,6,8,2,10,3,2,0,10,10,3,2,4,4,9,0,3,5
876,3,1,8,1,0,6,4,9,10,2,7,7,9,10,5,7,5,3
877,2,3,5,5,7,10,8,3,2,3,4,10,1,8,7,1,4,4
878,9,10,9,10,9,0,0,10,1,1,6,4,7,1,0,1,4,2
879,0,5,1,5,6,0,7,6,3,8,7,8,5,10,1,4,7,10
880,4,10,1,4,3,5,4,10,0,4,1,7,6,6,2,9,2,10
881,1,9,1,9,1,7,10,8,2,6,1,9,0,3,5,10,10,0
882,9,0,4,2,6,2,10,8,10,5,5,9,0,1,2,1,1,8
883,3,8,7,0,10,9,1,4,8,7,4,6,10,3,3,3,5,6
884,2,5,6,7,2,9,3,5,9,0,6,9,9,5,10,5,5,8
885,0,4,6,4,4,4,1,0,2,4,6,4,6,4,7,4,3,3
886,10,4,2,5,6,3,1,9,7,5,7,2,1,1,7,4,6,9
887,10,3,7,9,10,0,3,3,4,8,6,1,5,10,4,5,4,8
888,3,3,5,9,4,10,7,6,0,9,7,10,6,10,9,10,6,5
889,9,1,10,3,0,7,3,6,2,10,6,0,1,1,10,5,7,3
890,10,7,6,10,7,1,7,2,8,3,5,3,8,9,0,2,9,8
891,4,5,9,2,2,7,6,5,10,9,7,9,1,3,10,3,6,0
892,0,6,9,2,1,2,0,4,8,0,6,1,5,10,1,7,7,4
893,9,2,0,0,8,7,7,8,1,7,6,1,6,9,2,2,1,8
894,8,3,6,10,2,2,0,9,4,10,1,7,2,8,1,9,8,6
895,6,9,6,7,1,10,5,0,8,3,4,8,5,5,8,3,7,2
896,3,5,1,7,8,0,5,0,5,1,9,5,6,3,7,7,4,4
897,3,2,10,9,8,9,7,1,3,4,10,6,4,6,2,3,0,1
898,6,2,2,1,0,10,7,4,3,3,1,7,3,5,5,3,0,5
899,4,9,7,2,6,10,8,6,5,5,3,3,9,8,1,2,2,8
900,1,0,7,7,2,5,5,8,7,9,9,1,4,3,2,8,1,4
901,7,6,5,7,5,4,4,8,3,9,0,5,7,3,3,1,7,8
902,2,0,0,4,5,1,1,7,4,4,10,8,5,7,10,7,3,9
903,2,6,2,7,10,10,1,5,0,2,1,1,9,2,8,3,4,0
904,6,10,0,1,1,4,5,1,4,10,8,3,6,8,1,5,5,8
905,7,0,3,7,3,4,7,7,7,2,10,7,9,8,9,8,3,10
906,1,1,7,1,10,9,5,10,9,2,8,9,1,8,1,3,2,0
907,7,5,1,0,0,9,9,9,4,6,0,10,0,1,9,2,9,8
908,9,5,4,3,9,4,0,10,6,3,1,1,3,9,1,8,10,6
909,7,6,0,4,5,5,1,9,3,10,4,1,2,9,5,9,5,1
910,3,5,1,3,4,1,7,6,10,1,7,5,2,5,7,6,2,6
911,7,7,6,3,5,0,1,1,5,2,5,9,1,7,5,10,5,6
912,5,9,6,2,9,5,4,4,0,7,2,0,2,0,3,7,10,6
913,6,8,4,10,1,6,0,0,4,10,1,0,5,0,5,9,10,1
914,7,9,8,6,3,8,4,1,9,7,9,8,2,0,5,9,9,2
915,6,4,7,6,6,8,3,5,0,4,0,0,8,6,5,7,9,4
916,2,8,10,8,5,7,0,8,5,9,6,7,9,3,5,7,3,4
917,3,0,7,9,7,5,0,10,6,3,5,6,6,9,10,8,3,7
918,6,3,0,2,6,7,0,2,5,1,6,8,1,4,7,8,7,7
919,8,5,8,6,6,10,8,10,10,0,9,5,4,2,2,0,2,0
920,0,6,6,2,8,7,0,10,5,8,4,3,9,9,4,4,3,1
921,6,10,4,2,5,8,2,1,2,8,9,1,4,0,4,9,3,2
922,1,6,5,0,2,3,0,10,10,1,2,7,0,2,6,10,8,6
923,3,5,6,10,2,1,2,6,8,1,0,3,8,0,5,3,5,7
924,2,8,8,7,0,10,10,5,4,9,3,2,9,10,3,7,9,3
925,2,1,5,3,1,8,10,1,2,10,6,1,7,9,9,4,9,6
926,8,2,2,3,8,2,1,2,3,6,9,4,4,1,2,9,6,7
927,3,2,10,9,3,3,4,5,9,2,1,9,10,3,3,5,0,7
928,6,8,5,1,4,6,7,9,8,4,1,0,6,4,9,1,3,10
929,3,8,3,8,0,2,0,3,8,9,4,0,5,8,0,4,4,0
930,9,0,8,1,10,10,5,2,4,5,5,2,5,2,6,1,0,7
931,2,3,10,1,5,1,2,7,7,0,0,10,8,7,0,5,8,5
932,6,5,1,8,2,8,2,6,7,10,8,1,7,3,1,1,10,10
933,6,8,10,4,8,10,3,3,10,10,3,8,8,6,1,1,1,5
934,1,6,0,6,3,6,2,7,8,0,4,10,5,9,4,9,1,4
935,3,10,8,10,7,3,3,10,0,3,3,10,1,8,4,8,6,2
936,3,2,5,2,5,3,9,2,8,8,0,6,4,5,6,9,3,1
937,8,0,10,9,3,5,1,6,3,6,8,8,0,0,6,4,5,4
938,8,6,0,3,3,1,5,0,0,2,8,8,0,1,0,3,10,8
939,1,4,0,2,1,3,9,5,1,3,4,9,5,7,0,7,8,10
940,3,6,8,3,6,1,1,3,8,7,6,2,8,10,9,6,8,4
941,8,1,7,1,9,7,4,6,7,1,0,5,4,5,5,1,0,9
942,5,10,5,10,0,2,1,4,10,9,7,7,3,3,0,8,1,3
943,7,3,6,8,2,4,6,4,5,2,5,1,0,1,6,6,5,8
944,8,0,2,9,1,10,0,0,9,2,4,3,9,7,2,3,7,1
945,9,5,2,1,4,0,1,2,0,6,9,9,8,7,1,5,1,5
946,6,10,9,9,4,4,6,3,0,9,9,10,0,7,9,8,2,4
947,7,6,5,6,2,4,5,3,5,8,0,4,1,3,9,9,7,9
948,0,5,6,2,5,2,1,5,6,9,5,9,4,6,6,4,9,3
949,6,8,8,8,4,10,5,0,8,0,2,1,0,10,1,7,8,3
950,9,1,2,8,5,6,9,5,4,9,8,7,2,5,3,10,7,3
951,4,0,0,7,2,2,6,3,3,1,5,3,4,8,0,10,3,8
952,2,7,5,0,8,6,3,2,6,6,0,7,9,10,3,2,1,5
953,10,10,0,3,1,3,5,10,2,0,2,2,2,9,8,10,10,4
954,6,9,9,5,1,4,3,5,8,9,10,6,3,2,8,4,6,5
955,3,1,3,7,1,4,9,10,7,5,2,1,2,4,7,1,2,5
956,2,5,8,8,8,0,5,1,8,0,7,8,3,9,4,6,1,7
957,3,10,4,5,6,5,0,10,6,5,7,0,6,10,10,3,2,1
958,3,1,3,1,10,2,1,2,3,6,1,0,3,3,3,9,0,10
959,7,4,5,4,3,5,5,3,9,5,10,7,5,7,2,7,8,8
960,9,6,8,0,7,8,5,9,7,8,1,3,10,6,6,8,4,9
961,7,9,0,6,0,8,6,3,6,10,3,1,2,3,8,3,5,8
962,9,0,4,7,7,8,7,0,8,2,7,6,6,10,3,0,7,4
963,1,6,2,3,8,1,0,2,4,1,6,8,6,2,8,4,9,8
964,4,2,2,1,2,10,9,8,7,5,7,9,4,4,0,2,9,10
965,1,1,10,6,3,7,1,3,4,6,7,6,2,9,6,7,3,4
966,5,0,1,8,7,5,1,4,6,3,0,5,9,6,9,0,3,7
967,8,7,7,0,5,9,2,8,5,2,3,0,10,2,1,1,2,1
968,9,0,6,1,3,3,2,7,3,9,10,3,1,1,6,5,2,1
969,8,3,6,7,2,6,3,9,5,9,1,7,7,4,5,8,4,8
970,7,2,2,1,6,8,10,5,9,2,3,2,8,4,7,10,5,4
971,9,4,9,9,1,1,7,5,6,10,0,7,0,2,2,2,1,4
972,0,4,7,0,5,8,4,8,7,1,3,9,3,1,1,7,4,1
973,7,4,6,1,8,4,3,2,1,7,7,9,0,10,4,8,1,2
974,7,2,3,9,0,7,1,4,9,6,10,8,3,5,7,6,4,10
975,7,6,9,0,10,4,9,10,2,2,5,5,4,0,8,6,5,5
976,7,9,9,7,8,6,10,1,10,6,8,8,1,0,4,2,2,8
977,8,1,4,1,2,0,3,9,0,4,4,10,5,10,5,0,0,2
978,3,2,10,1,4,2,8,3,10,9,7,10,2,3,3,3,9,5
979,0,2,7,1,8,4,0,7,10,10,3,2,9,10,2,2,3,6
980,8,6,2,1,4,2,7,4,9,7,1,6,5,10,3,6,10,1
981,4,1,7,10,7,8,8,1,9,4,1,2,1,2,1,1,8,6
982,10,3,1,2,1,6,6,1,7,5,9,1,7,4,6,3,4,6
983,8,4,0,3,6,10,9,9,9,6,10,4,2,1,4,0,1,6
984,5,4,2,5,7,4,1,4,5,2,4,3,9,0,7,4,2,2
985,6,7,9,5,7,10,0,7,8,8,7,2,4,2,10,2,10,2
986,9,9,3,5,2,0,3,8,6,9,2,9,2,5,2,4,5,1
987,5,9,9,1,10,6,4,8,10,10,6,10,8,5,8,2,5,1
988,5,9,2,6,4,7,10,7,6,6,2,10,9,4,0,2,0,3
989,1,0,9,1,9,4,6,3,3,7,0,4,6,2,3,5,2,10
990,6,10,4,3,1,1,0,8,6,7,0,3,4,7,1,1,8,2
991,8,8,10,6,3,6,0,4,3,0,8,6,0,5,5,6,8,3
992,1,5,10,6,4,5,6,8,6,1,0,10,10,0,10,8,0,6
993,6,4,5,3,3,3,9,9,2,1,2,0,4,4,10,5,2,3
994,6,6,3,10,0,2,4,7,2,2,6,6,8,6,0,3,4,1
995,2,4,1,0,4,10,8,2,10,10,2,1,4,7,2,8,7,7
996,8,8,0,8,5,1,4,3,6,10,3,5,6,4,5,9,4,5
997,5,3,7,2,6,1,0,6,5,9,2,2,10,5,9,2,8,7
998,2,10,10,2,6,5,2,4,0,3,6,1,1,6,7,6,8,8
999,2,9,5,6,5,0,10,1,9,1,0,5,4,7,8,9,3,5
1000,3,3,5,10,6,5,10,4,10,3,4,0,6,2,1,4,4,3
1001,3,5,4,4,3,3,4,4,4,0,4,4,9,6,4,6,4,6
